{"dataset": "v1.0", "TotalAudios": 10, "TotalSeconds": 1267.8, "TotalMinutes": 21.13, "AVG_ClipsByAgent": 18.3, "AVG_ClipsByClient": 17.5, "AVG_LenghtByAgent": 4.063331374085684, "AVG_LenghtByClient": 3.3264939971060272}