{"dataset": "v1.1", "TotalAudios": 12, "TotalSeconds": 1847.4900000000002, "TotalMinutes": 30.791500000000003, "AVG_ClipsByAgent": 22.5, "AVG_ClipsByClient": 21.25, "AVG_LenghtByAgent": 4.0326148547488225, "AVG_LenghtByClient": 3.0981894420328007}